output_filename,cubes,modr v L,core r cm,keff,keff unc,therm fis %
o_b8hcp-caseSC-c1000-r62_38-d2o96_8-v1400.o,1000.0,1400.0,62.37779,0.93388,0.00015,84.85
o_b8hcp-caseSC-c1000-r67_41-d2o96_8-v1800.o,1000.0,1800.0,67.41403,0.96234,0.00015,86.82
o_b8hcp-caseSC-c1000-r69_67-d2o96_8-v2000.o,1000.0,2000.0,69.67223,0.97043,0.00016,87.53
o_b8hcp-caseSC-c1000-r70_75-d2o96_8-v2100.o,1000.0,2100.0,70.74842,0.97389,0.00015,87.8
o_b8hcp-caseSC-c1000-r71_79-d2o96_8-v2200.o,1000.0,2200.0,71.79282,0.97627,0.00015,88.06
o_b8hcp-caseSC-c1000-r72_81-d2o96_8-v2300.o,1000.0,2300.0,72.8077,0.97883,0.00015,88.29
o_b8hcp-caseSC-c1000-r73_80-d2o96_8-v2400.o,1000.0,2400.0,73.79504,0.98005,0.00015,88.51
o_b8hcp-caseSC-c1000-r74_76-d2o96_8-v2500.o,1000.0,2500.0,74.75665,0.98161,0.00015,88.68
o_b8hcp-caseSC-c1000-r75_69-d2o96_8-v2600.o,1000.0,2600.0,75.69413,0.98211,0.00014,88.86
o_b8hcp-caseSC-c1000-r76_61-d2o96_8-v2700.o,1000.0,2700.0,76.60895,0.98269,0.00014,89.02
o_b8hcp-caseSC-c1000-r77_50-d2o96_8-v2800.o,1000.0,2800.0,77.50243,0.983,0.00016,89.16
o_b8hcp-caseSC-c1000-r78_38-d2o96_8-v2900.o,1000.0,2900.0,78.37577,0.98324,0.00016,89.3
o_b8hcp-caseSC-c1000-r79_23-d2o96_8-v3000.o,1000.0,3000.0,79.23007,0.98297,0.00017,89.43
o_b8hcp-caseSC-c1000-r80_07-d2o96_8-v3100.o,1000.0,3100.0,80.06634,0.98256,0.00014,89.53
o_b8hcp-caseSC-c1000-r80_89-d2o96_8-v3200.o,1000.0,3200.0,80.88548,0.98193,0.00015,89.65
o_b8hcp-caseSC-c1000-r81_69-d2o96_8-v3300.o,1000.0,3300.0,81.68837,0.98113,0.00016,89.72
o_b8hcp-caseSC-c1000-r82_48-d2o96_8-v3400.o,1000.0,3400.0,82.47578,0.98033,0.00015,89.84
o_b8hcp-caseSC-c1000-r83_25-d2o96_8-v3500.o,1000.0,3500.0,83.24843,0.97944,0.00015,89.9
o_b8hcp-caseSC-c1000-r84_01-d2o96_8-v3600.o,1000.0,3600.0,84.007,0.97816,0.00015,89.98
o_b8hcp-caseSC-c1000-r84_75-d2o96_8-v3700.o,1000.0,3700.0,84.75211,0.97696,0.00014,90.05
o_b8hcp-caseSC-c1000-r85_48-d2o96_8-v3800.o,1000.0,3800.0,85.48435,0.97588,0.00014,90.13
o_b8hcp-caseSC-c1000-r86_91-d2o96_8-v4000.o,1000.0,4000.0,86.91232,0.97252,0.00015,90.24
o_b8hcp-caseSC-c1000-r87_61-d2o96_8-v4100.o,1000.0,4100.0,87.60905,0.97083,0.00014,90.28
o_b8hcp-caseSC-c1000-r88_29-d2o96_8-v4200.o,1000.0,4200.0,88.29486,0.96895,0.00014,90.33
o_b8hcp-caseSC-c1100-r62_55-d2o96_8-v1400.o,1100.0,1400.0,62.54776,0.93512,0.00015,84.57
o_b8hcp-caseSC-c1100-r67_56-d2o96_8-v1800.o,1100.0,1800.0,67.55963,0.9652,0.00016,86.64
o_b8hcp-caseSC-c1100-r69_81-d2o96_8-v2000.o,1100.0,2000.0,69.80857,0.97427,0.00016,87.36
o_b8hcp-caseSC-c1100-r70_88-d2o96_8-v2100.o,1100.0,2100.0,70.88066,0.97748,0.00016,87.66
o_b8hcp-caseSC-c1100-r71_92-d2o96_8-v2200.o,1100.0,2200.0,71.92125,0.98069,0.00016,87.91
o_b8hcp-caseSC-c1100-r72_93-d2o96_8-v2300.o,1100.0,2300.0,72.93258,0.98311,0.00016,88.16
o_b8hcp-caseSC-c1100-r73_92-d2o96_8-v2400.o,1100.0,2400.0,73.91661,0.98456,0.00016,88.37
o_b8hcp-caseSC-c1100-r74_88-d2o96_8-v2500.o,1100.0,2500.0,74.87512,0.98616,0.00015,88.58
o_b8hcp-caseSC-c1100-r75_81-d2o96_8-v2600.o,1100.0,2600.0,75.8097,0.98749,0.00017,88.77
o_b8hcp-caseSC-c1100-r76_72-d2o96_8-v2700.o,1100.0,2700.0,76.72178,0.98791,0.00017,88.92
o_b8hcp-caseSC-c1100-r77_61-d2o96_8-v2800.o,1100.0,2800.0,77.61268,0.98883,0.00013,89.06
o_b8hcp-caseSC-c1100-r78_48-d2o96_8-v2900.o,1100.0,2900.0,78.48358,0.98873,0.00013,89.21
o_b8hcp-caseSC-c1100-r79_34-d2o96_8-v3000.o,1100.0,3000.0,79.33557,0.98905,0.00016,89.35
o_b8hcp-caseSC-c1100-r80_17-d2o96_8-v3100.o,1100.0,3100.0,80.16965,0.98864,0.00017,89.45
o_b8hcp-caseSC-c1100-r80_99-d2o96_8-v3200.o,1100.0,3200.0,80.98672,0.98822,0.00016,89.57
o_b8hcp-caseSC-c1100-r81_79-d2o96_8-v3300.o,1100.0,3300.0,81.78763,0.98763,0.00016,89.66
o_b8hcp-caseSC-c1100-r82_57-d2o96_8-v3400.o,1100.0,3400.0,82.57315,0.98678,0.00015,89.77
o_b8hcp-caseSC-c1100-r83_34-d2o96_8-v3500.o,1100.0,3500.0,83.34401,0.98591,0.00018,89.85
o_b8hcp-caseSC-c1100-r84_10-d2o96_8-v3600.o,1100.0,3600.0,84.10086,0.9849,0.00015,89.92
o_b8hcp-caseSC-c1100-r84_84-d2o96_8-v3700.o,1100.0,3700.0,84.84433,0.9839,0.00018,90.01
o_b8hcp-caseSC-c1100-r85_57-d2o96_8-v3800.o,1100.0,3800.0,85.575,0.98247,0.00015,90.07
o_b8hcp-caseSC-c1100-r87_00-d2o96_8-v4000.o,1100.0,4000.0,87.00003,0.97989,0.00015,90.2
o_b8hcp-caseSC-c1100-r87_70-d2o96_8-v4100.o,1100.0,4100.0,87.69536,0.97795,0.00017,90.26
o_b8hcp-caseSC-c1100-r88_38-d2o96_8-v4200.o,1100.0,4200.0,88.37984,0.97656,0.00015,90.3
o_b8hcp-caseSC-c1200-r62_72-d2o96_8-v1400.o,1200.0,1400.0,62.71681,0.93284,0.00016,84.08
o_b8hcp-caseSC-c1200-r67_70-d2o96_8-v1800.o,1200.0,1800.0,67.70461,0.96571,0.00014,86.27
o_b8hcp-caseSC-c1200-r69_94-d2o96_8-v2000.o,1200.0,2000.0,69.94439,0.97587,0.00015,87.03
o_b8hcp-caseSC-c1200-r71_01-d2o96_8-v2100.o,1200.0,2100.0,71.0124,0.97975,0.00015,87.35
o_b8hcp-caseSC-c1200-r72_05-d2o96_8-v2200.o,1200.0,2200.0,72.04923,0.98356,0.00014,87.64
o_b8hcp-caseSC-c1200-r73_06-d2o96_8-v2300.o,1200.0,2300.0,73.05704,0.98581,0.00017,87.88
o_b8hcp-caseSC-c1200-r74_04-d2o96_8-v2400.o,1200.0,2400.0,74.03779,0.98831,0.00014,88.13
o_b8hcp-caseSC-c1200-r74_99-d2o96_8-v2500.o,1200.0,2500.0,74.99322,0.99041,0.00013,88.35
o_b8hcp-caseSC-c1200-r75_92-d2o96_8-v2600.o,1200.0,2600.0,75.92491,0.99165,0.00014,88.56
o_b8hcp-caseSC-c1200-r76_83-d2o96_8-v2700.o,1200.0,2700.0,76.83427,0.99328,0.00015,88.73
o_b8hcp-caseSC-c1200-r77_72-d2o96_8-v2800.o,1200.0,2800.0,77.72261,0.99372,0.00016,88.88
o_b8hcp-caseSC-c1200-r78_59-d2o96_8-v2900.o,1200.0,2900.0,78.59109,0.99489,0.00015,89.03
o_b8hcp-caseSC-c1200-r79_44-d2o96_8-v3000.o,1200.0,3000.0,79.44079,0.99491,0.00016,89.18
o_b8hcp-caseSC-c1200-r80_27-d2o96_8-v3100.o,1200.0,3100.0,80.27269,0.99528,0.00016,89.3
o_b8hcp-caseSC-c1200-r81_09-d2o96_8-v3200.o,1200.0,3200.0,81.0877,0.99528,0.00014,89.43
o_b8hcp-caseSC-c1200-r81_89-d2o96_8-v3300.o,1200.0,3300.0,81.88664,0.99501,0.00015,89.53
o_b8hcp-caseSC-c1200-r82_67-d2o96_8-v3400.o,1200.0,3400.0,82.6703,0.99407,0.00015,89.64
o_b8hcp-caseSC-c1200-r83_44-d2o96_8-v3500.o,1200.0,3500.0,83.43937,0.99373,0.00017,89.74
o_b8hcp-caseSC-c1200-r84_19-d2o96_8-v3600.o,1200.0,3600.0,84.19452,0.99297,0.00014,89.82
o_b8hcp-caseSC-c1200-r84_94-d2o96_8-v3700.o,1200.0,3700.0,84.93636,0.99255,0.00013,89.9
o_b8hcp-caseSC-c1200-r85_67-d2o96_8-v3800.o,1200.0,3800.0,85.66546,0.99158,0.00014,89.97
o_b8hcp-caseSC-c1200-r87_09-d2o96_8-v4000.o,1200.0,4000.0,87.08755,0.98905,0.00015,90.11
o_b8hcp-caseSC-c1200-r87_78-d2o96_8-v4100.o,1200.0,4100.0,87.7815,0.98791,0.00015,90.18
o_b8hcp-caseSC-c1200-r88_46-d2o96_8-v4200.o,1200.0,4200.0,88.46466,0.98653,0.00015,90.22
o_b8hcp-caseSC-c1300-r62_88-d2o96_8-v1400.o,1300.0,1400.0,62.88495,0.92305,0.00015,83.17
o_b8hcp-caseSC-c1300-r67_85-d2o96_8-v1800.o,1300.0,1800.0,67.84897,0.95997,0.00015,85.6
o_b8hcp-caseSC-c1300-r70_08-d2o96_8-v2000.o,1300.0,2000.0,70.07968,0.97218,0.00016,86.44
o_b8hcp-caseSC-c1300-r71_14-d2o96_8-v2100.o,1300.0,2100.0,71.14367,0.9775,0.00017,86.8
o_b8hcp-caseSC-c1300-r72_18-d2o96_8-v2200.o,1300.0,2200.0,72.17675,0.98114,0.00015,87.1
o_b8hcp-caseSC-c1300-r73_18-d2o96_8-v2300.o,1300.0,2300.0,73.18108,0.98482,0.00016,87.4
o_b8hcp-caseSC-c1300-r74_16-d2o96_8-v2400.o,1300.0,2400.0,74.15857,0.98807,0.00014,87.66
o_b8hcp-caseSC-c1300-r75_11-d2o96_8-v2500.o,1300.0,2500.0,75.11095,0.99088,0.00017,87.91
o_b8hcp-caseSC-c1300-r76_04-d2o96_8-v2600.o,1300.0,2600.0,76.03977,0.99289,0.00016,88.12
o_b8hcp-caseSC-c1300-r76_95-d2o96_8-v2700.o,1300.0,2700.0,76.94644,0.99493,0.00016,88.34
o_b8hcp-caseSC-c1300-r77_83-d2o96_8-v2800.o,1300.0,2800.0,77.83223,0.99685,0.00016,88.51
o_b8hcp-caseSC-c1300-r78_70-d2o96_8-v2900.o,1300.0,2900.0,78.69831,0.9979,0.00016,88.68
o_b8hcp-caseSC-c1300-r79_55-d2o96_8-v3000.o,1300.0,3000.0,79.54573,0.99902,0.00016,88.84
o_b8hcp-caseSC-c1300-r80_38-d2o96_8-v3100.o,1300.0,3100.0,80.37547,0.99964,0.00016,89.0
o_b8hcp-caseSC-c1300-r81_19-d2o96_8-v3200.o,1300.0,3200.0,81.18843,0.99987,0.00014,89.11
o_b8hcp-caseSC-c1300-r81_99-d2o96_8-v3300.o,1300.0,3300.0,81.98542,1.00026,0.00013,89.24
o_b8hcp-caseSC-c1300-r82_77-d2o96_8-v3400.o,1300.0,3400.0,82.76721,1.00056,0.00014,89.36
o_b8hcp-caseSC-c1300-r83_53-d2o96_8-v3500.o,1300.0,3500.0,83.53451,1.00039,0.00013,89.47
o_b8hcp-caseSC-c1300-r84_29-d2o96_8-v3600.o,1300.0,3600.0,84.28796,1.0004,0.00015,89.58
o_b8hcp-caseSC-c1300-r85_03-d2o96_8-v3700.o,1300.0,3700.0,85.02818,1.00029,0.00017,89.67
o_b8hcp-caseSC-c1300-r85_76-d2o96_8-v3800.o,1300.0,3800.0,85.75573,0.99963,0.00015,89.75
o_b8hcp-caseSC-c1300-r87_17-d2o96_8-v4000.o,1300.0,4000.0,87.1749,0.99785,0.00014,89.9
o_b8hcp-caseSC-c1300-r87_87-d2o96_8-v4100.o,1300.0,4100.0,87.86748,0.9974,0.00016,89.98
o_b8hcp-caseSC-c1300-r88_55-d2o96_8-v4200.o,1300.0,4200.0,88.54931,0.9966,0.00014,90.06
o_b8hcp-caseSC-c1400-r63_05-d2o96_8-v1400.o,1400.0,1400.0,63.0522,0.89608,0.00016,81.29
o_b8hcp-caseSC-c1400-r67_99-d2o96_8-v1800.o,1400.0,1800.0,67.99272,0.94046,0.00017,84.17
o_b8hcp-caseSC-c1400-r70_21-d2o96_8-v2000.o,1400.0,2000.0,70.21444,0.95577,0.00014,85.17
o_b8hcp-caseSC-c1400-r71_27-d2o96_8-v2100.o,1400.0,2100.0,71.27444,0.96175,0.00015,85.58
o_b8hcp-caseSC-c1400-r72_30-d2o96_8-v2200.o,1400.0,2200.0,72.30382,0.96793,0.00016,85.96
o_b8hcp-caseSC-c1400-r73_30-d2o96_8-v2300.o,1400.0,2300.0,73.30469,0.97279,0.00015,86.31
o_b8hcp-caseSC-c1400-r74_28-d2o96_8-v2400.o,1400.0,2400.0,74.27896,0.97739,0.00016,86.61
o_b8hcp-caseSC-c1400-r75_23-d2o96_8-v2500.o,1400.0,2500.0,75.22831,0.98166,0.00015,86.91
o_b8hcp-caseSC-c1400-r76_15-d2o96_8-v2600.o,1400.0,2600.0,76.15429,0.98519,0.00016,87.19
o_b8hcp-caseSC-c1400-r77_06-d2o96_8-v2700.o,1400.0,2700.0,77.05828,0.98833,0.00016,87.44
o_b8hcp-caseSC-c1400-r77_94-d2o96_8-v2800.o,1400.0,2800.0,77.94155,0.99094,0.00014,87.66
o_b8hcp-caseSC-c1400-r78_81-d2o96_8-v2900.o,1400.0,2900.0,78.80524,0.99362,0.00017,87.87
o_b8hcp-caseSC-c1400-r79_65-d2o96_8-v3000.o,1400.0,3000.0,79.6504,0.99534,0.00018,88.07
o_b8hcp-caseSC-c1400-r80_48-d2o96_8-v3100.o,1400.0,3100.0,80.47799,0.99727,0.00016,88.24
o_b8hcp-caseSC-c1400-r81_29-d2o96_8-v3200.o,1400.0,3200.0,81.28891,0.99918,0.00015,88.41
o_b8hcp-caseSC-c1400-r82_08-d2o96_8-v3300.o,1400.0,3300.0,82.08396,1.00053,0.00013,88.55
o_b8hcp-caseSC-c1400-r82_86-d2o96_8-v3400.o,1400.0,3400.0,82.8639,1.00131,0.00016,88.69
o_b8hcp-caseSC-c1400-r83_63-d2o96_8-v3500.o,1400.0,3500.0,83.62943,1.00229,0.00015,88.84
o_b8hcp-caseSC-c1400-r84_38-d2o96_8-v3600.o,1400.0,3600.0,84.3812,1.00297,0.00015,88.97
o_b8hcp-caseSC-c1400-r85_12-d2o96_8-v3700.o,1400.0,3700.0,85.1198,1.00389,0.00015,89.08
o_b8hcp-caseSC-c1400-r85_85-d2o96_8-v3800.o,1400.0,3800.0,85.84581,1.00395,0.00016,89.2
o_b8hcp-caseSC-c1400-r87_26-d2o96_8-v4000.o,1400.0,4000.0,87.26208,1.00434,0.00016,89.4
o_b8hcp-caseSC-c1400-r87_95-d2o96_8-v4100.o,1400.0,4100.0,87.95329,1.00452,0.00015,89.49
o_b8hcp-caseSC-c1400-r88_63-d2o96_8-v4200.o,1400.0,4200.0,88.63381,1.00417,0.00014,89.57
o_b8hcp-caseSC-c1500-r63_22-d2o96_8-v1400.o,1500.0,1400.0,63.21856,0.89338,0.00012,80.84
o_b8hcp-caseSC-c1500-r68_14-d2o96_8-v1800.o,1500.0,1800.0,68.13586,0.93898,0.00016,83.84
o_b8hcp-caseSC-c1500-r70_35-d2o96_8-v2000.o,1500.0,2000.0,70.3487,0.95521,0.00017,84.86
o_b8hcp-caseSC-c1500-r71_40-d2o96_8-v2100.o,1500.0,2100.0,71.40475,0.96181,0.00017,85.3
o_b8hcp-caseSC-c1500-r72_43-d2o96_8-v2200.o,1500.0,2200.0,72.43045,0.96796,0.00015,85.7
o_b8hcp-caseSC-c1500-r73_43-d2o96_8-v2300.o,1500.0,2300.0,73.42789,0.97345,0.00014,86.06
o_b8hcp-caseSC-c1500-r74_40-d2o96_8-v2400.o,1500.0,2400.0,74.39895,0.97809,0.00016,86.4
o_b8hcp-caseSC-c1500-r75_35-d2o96_8-v2500.o,1500.0,2500.0,75.34531,0.98253,0.00016,86.7
o_b8hcp-caseSC-c1500-r76_27-d2o96_8-v2600.o,1500.0,2600.0,76.26846,0.98645,0.00016,86.98
o_b8hcp-caseSC-c1500-r77_17-d2o96_8-v2700.o,1500.0,2700.0,77.1698,0.98968,0.00015,87.25
o_b8hcp-caseSC-c1500-r78_05-d2o96_8-v2800.o,1500.0,2800.0,78.05056,0.99273,0.00015,87.46
o_b8hcp-caseSC-c1500-r78_91-d2o96_8-v2900.o,1500.0,2900.0,78.91188,0.99564,0.00015,87.69
o_b8hcp-caseSC-c1500-r79_75-d2o96_8-v3000.o,1500.0,3000.0,79.75479,0.99789,0.00014,87.9
o_b8hcp-caseSC-c1500-r80_58-d2o96_8-v3100.o,1500.0,3100.0,80.58025,0.99998,0.00015,88.07
o_b8hcp-caseSC-c1500-r81_39-d2o96_8-v3200.o,1500.0,3200.0,81.38914,1.00124,0.00015,88.25
o_b8hcp-caseSC-c1500-r82_18-d2o96_8-v3300.o,1500.0,3300.0,82.18227,1.00317,0.00013,88.4
o_b8hcp-caseSC-c1500-r82_96-d2o96_8-v3400.o,1500.0,3400.0,82.96037,1.00449,0.00013,88.57
o_b8hcp-caseSC-c1500-r83_72-d2o96_8-v3500.o,1500.0,3500.0,83.72414,1.00563,0.00016,88.7
o_b8hcp-caseSC-c1500-r84_47-d2o96_8-v3600.o,1500.0,3600.0,84.47423,1.00667,0.00015,88.83
o_b8hcp-caseSC-c1500-r85_21-d2o96_8-v3700.o,1500.0,3700.0,85.21123,1.00722,0.00014,88.97
o_b8hcp-caseSC-c1500-r85_94-d2o96_8-v3800.o,1500.0,3800.0,85.9357,1.00771,0.00014,89.08
o_b8hcp-caseSC-c1500-r87_35-d2o96_8-v4000.o,1500.0,4000.0,87.34908,1.00873,0.00016,89.27
o_b8hcp-caseSC-c1500-r88_04-d2o96_8-v4100.o,1500.0,4100.0,88.03893,1.0086,0.00015,89.4
o_b8hcp-caseSC-c1500-r88_72-d2o96_8-v4200.o,1500.0,4200.0,88.71814,1.00864,0.00015,89.49
o_b8hcp-caseSC-c1600-r63_38-d2o96_8-v1400.o,1600.0,1400.0,63.38406,0.88159,0.00017,79.91
o_b8hcp-caseSC-c1600-r68_28-d2o96_8-v1800.o,1600.0,1800.0,68.27841,0.93017,0.00015,83.09
o_b8hcp-caseSC-c1600-r70_48-d2o96_8-v2000.o,1600.0,2000.0,70.48244,0.94761,0.00015,84.2
o_b8hcp-caseSC-c1600-r71_53-d2o96_8-v2100.o,1600.0,2100.0,71.53457,0.95501,0.00018,84.67
o_b8hcp-caseSC-c1600-r72_56-d2o96_8-v2200.o,1600.0,2200.0,72.55663,0.96162,0.00017,85.09
o_b8hcp-caseSC-c1600-r73_55-d2o96_8-v2300.o,1600.0,2300.0,73.55068,0.96759,0.00012,85.52
o_b8hcp-caseSC-c1600-r74_52-d2o96_8-v2400.o,1600.0,2400.0,74.51857,0.97305,0.00016,85.86
o_b8hcp-caseSC-c1600-r75_46-d2o96_8-v2500.o,1600.0,2500.0,75.46194,0.97783,0.00015,86.18
o_b8hcp-caseSC-c1600-r76_38-d2o96_8-v2600.o,1600.0,2600.0,76.3823,0.9825,0.00014,86.48
o_b8hcp-caseSC-c1600-r77_28-d2o96_8-v2700.o,1600.0,2700.0,77.281,0.98634,0.00015,86.76
o_b8hcp-caseSC-c1600-r78_16-d2o96_8-v2800.o,1600.0,2800.0,78.15926,0.98987,0.00015,87.0
o_b8hcp-caseSC-c1600-r79_02-d2o96_8-v2900.o,1600.0,2900.0,79.01823,0.99306,0.00016,87.26
o_b8hcp-caseSC-c1600-r79_86-d2o96_8-v3000.o,1600.0,3000.0,79.85891,0.99609,0.00015,87.46
o_b8hcp-caseSC-c1600-r80_68-d2o96_8-v3100.o,1600.0,3100.0,80.68225,0.99846,0.00014,87.66
o_b8hcp-caseSC-c1600-r81_49-d2o96_8-v3200.o,1600.0,3200.0,81.48913,1.0003,0.00015,87.86
o_b8hcp-caseSC-c1600-r82_28-d2o96_8-v3300.o,1600.0,3300.0,82.28034,1.00238,0.00015,88.04
o_b8hcp-caseSC-c1600-r83_06-d2o96_8-v3400.o,1600.0,3400.0,83.05661,1.00426,0.00015,88.22
o_b8hcp-caseSC-c1600-r83_82-d2o96_8-v3500.o,1600.0,3500.0,83.81864,1.00606,0.00015,88.37
o_b8hcp-caseSC-c1600-r84_57-d2o96_8-v3600.o,1600.0,3600.0,84.56706,1.00736,0.00016,88.52
o_b8hcp-caseSC-c1600-r85_30-d2o96_8-v3700.o,1600.0,3700.0,85.30246,1.0082,0.00015,88.65
o_b8hcp-caseSC-c1600-r86_03-d2o96_8-v3800.o,1600.0,3800.0,86.0254,1.00966,0.00014,88.78
o_b8hcp-caseSC-c1600-r87_44-d2o96_8-v4000.o,1600.0,4000.0,87.4359,1.01079,0.00014,89.0
o_b8hcp-caseSC-c1600-r88_12-d2o96_8-v4100.o,1600.0,4100.0,88.1244,1.01143,0.00012,89.13
o_b8hcp-caseSC-c1600-r88_80-d2o96_8-v4200.o,1600.0,4200.0,88.80231,1.01195,0.00013,89.22
o_b8hcp-caseSC-c1700-r63_55-d2o96_8-v1400.o,1700.0,1400.0,63.54869,0.8854,0.00015,79.95
o_b8hcp-caseSC-c1700-r68_42-d2o96_8-v1800.o,1700.0,1800.0,68.42036,0.93373,0.00013,83.12
o_b8hcp-caseSC-c1700-r70_62-d2o96_8-v2000.o,1700.0,2000.0,70.61568,0.95095,0.00018,84.22
o_b8hcp-caseSC-c1700-r71_66-d2o96_8-v2100.o,1700.0,2100.0,71.66393,0.95841,0.00015,84.69
o_b8hcp-caseSC-c1700-r72_68-d2o96_8-v2200.o,1700.0,2200.0,72.68238,0.96553,0.00015,85.12
o_b8hcp-caseSC-c1700-r73_67-d2o96_8-v2300.o,1700.0,2300.0,73.67306,0.97098,0.00014,85.52
o_b8hcp-caseSC-c1700-r74_64-d2o96_8-v2400.o,1700.0,2400.0,74.6378,0.97614,0.00016,85.87
o_b8hcp-caseSC-c1700-r75_58-d2o96_8-v2500.o,1700.0,2500.0,75.57821,0.98129,0.00016,86.21
o_b8hcp-caseSC-c1700-r76_50-d2o96_8-v2600.o,1700.0,2600.0,76.49579,0.98553,0.00013,86.51
o_b8hcp-caseSC-c1700-r77_39-d2o96_8-v2700.o,1700.0,2700.0,77.39187,0.98983,0.00015,86.78
o_b8hcp-caseSC-c1700-r78_27-d2o96_8-v2800.o,1700.0,2800.0,78.26767,0.99342,0.00016,87.04
o_b8hcp-caseSC-c1700-r79_12-d2o96_8-v2900.o,1700.0,2900.0,79.12429,0.99655,0.00014,87.26
o_b8hcp-caseSC-c1700-r79_96-d2o96_8-v3000.o,1700.0,3000.0,79.96276,0.99935,0.00016,87.49
o_b8hcp-caseSC-c1700-r80_78-d2o96_8-v3100.o,1700.0,3100.0,80.784,1.00143,0.00016,87.68
o_b8hcp-caseSC-c1700-r81_59-d2o96_8-v3200.o,1700.0,3200.0,81.58887,1.00428,0.00015,87.89
o_b8hcp-caseSC-c1700-r82_38-d2o96_8-v3300.o,1700.0,3300.0,82.37817,1.00616,0.00018,88.06
o_b8hcp-caseSC-c1700-r83_15-d2o96_8-v3400.o,1700.0,3400.0,83.15263,1.00778,0.00017,88.24
o_b8hcp-caseSC-c1700-r83_91-d2o96_8-v3500.o,1700.0,3500.0,83.91293,1.00931,0.00014,88.38
o_b8hcp-caseSC-c1700-r84_66-d2o96_8-v3600.o,1700.0,3600.0,84.65969,1.01102,0.00015,88.53
o_b8hcp-caseSC-c1700-r85_39-d2o96_8-v3700.o,1700.0,3700.0,85.3935,1.01174,0.00016,88.69
o_b8hcp-caseSC-c1700-r86_11-d2o96_8-v3800.o,1700.0,3800.0,86.11492,1.01294,0.00016,88.8
o_b8hcp-caseSC-c1700-r87_52-d2o96_8-v4000.o,1700.0,4000.0,87.52256,1.01406,0.00014,89.04
o_b8hcp-caseSC-c1700-r88_21-d2o96_8-v4100.o,1700.0,4100.0,88.20971,1.01488,0.00015,89.14
o_b8hcp-caseSC-c1700-r88_89-d2o96_8-v4200.o,1700.0,4200.0,88.88632,1.01484,0.00015,89.24
o_b8hcp-caseSC-c1800-r63_71-d2o96_8-v1400.o,1800.0,1400.0,63.71248,0.88668,0.00017,79.8
o_b8hcp-caseSC-c1800-r68_56-d2o96_8-v1800.o,1800.0,1800.0,68.56172,0.93569,0.00018,83.01
o_b8hcp-caseSC-c1800-r70_75-d2o96_8-v2000.o,1800.0,2000.0,70.74842,0.95299,0.00014,84.14
o_b8hcp-caseSC-c1800-r71_79-d2o96_8-v2100.o,1800.0,2100.0,71.79282,0.96024,0.00016,84.61
o_b8hcp-caseSC-c1800-r72_81-d2o96_8-v2200.o,1800.0,2200.0,72.8077,0.96703,0.00015,85.05
o_b8hcp-caseSC-c1800-r73_80-d2o96_8-v2300.o,1800.0,2300.0,73.79504,0.97276,0.00015,85.45
o_b8hcp-caseSC-c1800-r74_76-d2o96_8-v2400.o,1800.0,2400.0,74.75665,0.97861,0.00016,85.81
o_b8hcp-caseSC-c1800-r75_69-d2o96_8-v2500.o,1800.0,2500.0,75.69413,0.98328,0.00014,86.14
o_b8hcp-caseSC-c1800-r76_61-d2o96_8-v2600.o,1800.0,2600.0,76.60895,0.98779,0.00016,86.46
o_b8hcp-caseSC-c1800-r77_50-d2o96_8-v2700.o,1800.0,2700.0,77.50243,0.99196,0.00016,86.74
o_b8hcp-caseSC-c1800-r78_38-d2o96_8-v2800.o,1800.0,2800.0,78.37577,0.99524,0.00016,87.0
o_b8hcp-caseSC-c1800-r79_23-d2o96_8-v2900.o,1800.0,2900.0,79.23007,0.99884,0.00015,87.22
o_b8hcp-caseSC-c1800-r80_07-d2o96_8-v3000.o,1800.0,3000.0,80.06634,1.00174,0.00015,87.45
o_b8hcp-caseSC-c1800-r80_89-d2o96_8-v3100.o,1800.0,3100.0,80.88548,1.00389,0.00015,87.66
o_b8hcp-caseSC-c1800-r81_69-d2o96_8-v3200.o,1800.0,3200.0,81.68837,1.00615,0.00016,87.86
o_b8hcp-caseSC-c1800-r82_48-d2o96_8-v3300.o,1800.0,3300.0,82.47578,1.00842,0.00014,88.04
o_b8hcp-caseSC-c1800-r83_25-d2o96_8-v3400.o,1800.0,3400.0,83.24843,1.00988,0.00015,88.19
o_b8hcp-caseSC-c1800-r84_01-d2o96_8-v3500.o,1800.0,3500.0,84.007,1.0117,0.00015,88.36
o_b8hcp-caseSC-c1800-r84_75-d2o96_8-v3600.o,1800.0,3600.0,84.75211,1.0132,0.00017,88.5
o_b8hcp-caseSC-c1800-r85_48-d2o96_8-v3700.o,1800.0,3700.0,85.48435,1.01423,0.00016,88.64
o_b8hcp-caseSC-c1800-r86_20-d2o96_8-v3800.o,1800.0,3800.0,86.20425,1.01494,0.00015,88.77
o_b8hcp-caseSC-c1800-r87_61-d2o96_8-v4000.o,1800.0,4000.0,87.60905,1.01676,0.00015,89.01
o_b8hcp-caseSC-c1800-r88_29-d2o96_8-v4100.o,1800.0,4100.0,88.29486,1.01748,0.00015,89.13
o_b8hcp-caseSC-c1800-r88_97-d2o96_8-v4200.o,1800.0,4200.0,88.97018,1.0173,0.00014,89.22
o_b8hcp-caseSC-c1850-r76_67-d2o96_8-v2600.o,1850.0,2600.0,76.66541,0.981,0.00016,85.95
o_b8hcp-caseSC-c1850-r77_56-d2o96_8-v2700.o,1850.0,2700.0,77.55759,0.98575,0.00016,86.23
o_b8hcp-caseSC-c1850-r78_43-d2o96_8-v2800.o,1850.0,2800.0,78.42971,0.98957,0.00015,86.53
o_b8hcp-caseSC-c1850-r79_28-d2o96_8-v2900.o,1850.0,2900.0,79.28286,0.99347,0.00016,86.78
o_b8hcp-caseSC-c1850-r80_12-d2o96_8-v3000.o,1850.0,3000.0,80.11802,0.99677,0.00014,87.02
o_b8hcp-caseSC-c1850-r80_94-d2o96_8-v3100.o,1850.0,3100.0,80.93613,1.00008,0.00015,87.24
o_b8hcp-caseSC-c1850-r81_74-d2o96_8-v3200.o,1850.0,3200.0,81.73803,1.0025,0.00018,87.45
o_b8hcp-caseSC-c1850-r82_52-d2o96_8-v3300.o,1850.0,3300.0,82.52449,1.00494,0.00015,87.66
o_b8hcp-caseSC-c1850-r83_30-d2o96_8-v3400.o,1850.0,3400.0,83.29625,1.00692,0.00016,87.82
o_b8hcp-caseSC-c1850-r84_05-d2o96_8-v3500.o,1850.0,3500.0,84.05396,1.00924,0.00015,88.0
o_b8hcp-caseSC-c1850-r84_80-d2o96_8-v3600.o,1850.0,3600.0,84.79825,1.01098,0.00015,88.17
o_b8hcp-caseSC-c1850-r85_53-d2o96_8-v3700.o,1850.0,3700.0,85.5297,1.01233,0.00016,88.31
o_b8hcp-caseSC-c1850-r86_25-d2o96_8-v3800.o,1850.0,3800.0,86.24884,1.01383,0.00016,88.46
o_b8hcp-caseSC-c1850-r87_65-d2o96_8-v4000.o,1850.0,4000.0,87.65222,1.01612,0.00014,88.71
o_b8hcp-caseSC-c1850-r88_34-d2o96_8-v4100.o,1850.0,4100.0,88.33737,1.01718,0.00014,88.83
o_b8hcp-caseSC-c1850-r89_01-d2o96_8-v4200.o,1850.0,4200.0,89.01205,1.01752,0.00012,88.94
o_b8hcp-caseSC-c1900-r63_88-d2o96_8-v1400.o,1900.0,1400.0,63.87543,0.8587,0.00016,77.84
o_b8hcp-caseSC-c1900-r66_38-d2o96_8-v1600.o,1900.0,1600.0,66.37673,0.88783,0.00019,79.86
o_b8hcp-caseSC-c1900-r68_70-d2o96_8-v1800.o,1900.0,1800.0,68.70251,0.91192,0.00016,81.45
o_b8hcp-caseSC-c1900-r70_88-d2o96_8-v2000.o,1900.0,2000.0,70.88066,0.93231,0.00015,82.72
o_b8hcp-caseSC-c1900-r71_92-d2o96_8-v2100.o,1900.0,2100.0,71.92125,0.94054,0.00017,83.29
o_b8hcp-caseSC-c1900-r72_93-d2o96_8-v2200.o,1900.0,2200.0,72.93258,0.94831,0.00015,83.78
o_b8hcp-caseSC-c1900-r73_92-d2o96_8-v2300.o,1900.0,2300.0,73.91661,0.95594,0.00016,84.25
o_b8hcp-caseSC-c1900-r74_88-d2o96_8-v2400.o,1900.0,2400.0,74.87512,0.96234,0.00013,84.67
o_b8hcp-caseSC-c1900-r75_81-d2o96_8-v2500.o,1900.0,2500.0,75.8097,0.9682,0.00016,85.05
o_b8hcp-caseSC-c1900-r76_72-d2o96_8-v2600.o,1900.0,2600.0,76.72178,0.97354,0.00016,85.41
o_b8hcp-caseSC-c1900-r77_61-d2o96_8-v2700.o,1900.0,2700.0,77.61268,0.97867,0.00018,85.73
o_b8hcp-caseSC-c1900-r78_48-d2o96_8-v2800.o,1900.0,2800.0,78.48358,0.98324,0.00016,86.02
o_b8hcp-caseSC-c1900-r79_34-d2o96_8-v2900.o,1900.0,2900.0,79.33557,0.98722,0.00016,86.3
o_b8hcp-caseSC-c1900-r80_17-d2o96_8-v3000.o,1900.0,3000.0,80.16965,0.99108,0.00014,86.56
o_b8hcp-caseSC-c1900-r80_99-d2o96_8-v3100.o,1900.0,3100.0,80.98672,0.99427,0.00015,86.81
o_b8hcp-caseSC-c1900-r81_79-d2o96_8-v3200.o,1900.0,3200.0,81.78763,0.99764,0.00015,87.02
o_b8hcp-caseSC-c1900-r82_57-d2o96_8-v3300.o,1900.0,3300.0,82.57315,1.0007,0.00015,87.25
o_b8hcp-caseSC-c1900-r83_34-d2o96_8-v3400.o,1900.0,3400.0,83.34401,1.00312,0.00017,87.44
o_b8hcp-caseSC-c1900-r84_10-d2o96_8-v3500.o,1900.0,3500.0,84.10086,1.00566,0.00016,87.63
o_b8hcp-caseSC-c1900-r84_84-d2o96_8-v3600.o,1900.0,3600.0,84.84433,1.00774,0.00015,87.78
o_b8hcp-caseSC-c1900-r85_57-d2o96_8-v3700.o,1900.0,3700.0,85.575,1.00946,0.00015,87.94
o_b8hcp-caseSC-c1900-r86_29-d2o96_8-v3800.o,1900.0,3800.0,86.2934,1.01098,0.00015,88.1
o_b8hcp-caseSC-c1900-r87_70-d2o96_8-v4000.o,1900.0,4000.0,87.69536,1.01446,0.00016,88.4
o_b8hcp-caseSC-c1900-r88_38-d2o96_8-v4100.o,1900.0,4100.0,88.37984,1.01528,0.00015,88.52
o_b8hcp-caseSC-c1900-r89_05-d2o96_8-v4200.o,1900.0,4200.0,89.05388,1.01679,0.00016,88.65
o_b8hcp-caseSC-c1950-r63_96-d2o96_8-v1400.o,1950.0,1400.0,63.95659,0.85698,0.00018,77.61
o_b8hcp-caseSC-c1950-r66_45-d2o96_8-v1600.o,1950.0,1600.0,66.4519,0.88674,0.00017,79.68
o_b8hcp-caseSC-c1950-r68_77-d2o96_8-v1800.o,1950.0,1800.0,68.77268,0.91112,0.00017,81.3
o_b8hcp-caseSC-c1950-r70_95-d2o96_8-v2000.o,1950.0,2000.0,70.94659,0.93136,0.00015,82.59
o_b8hcp-caseSC-c1950-r71_99-d2o96_8-v2100.o,1950.0,2100.0,71.9853,0.93961,0.00016,83.17
o_b8hcp-caseSC-c1950-r72_99-d2o96_8-v2200.o,1950.0,2200.0,72.99486,0.94761,0.00016,83.67
o_b8hcp-caseSC-c1950-r73_98-d2o96_8-v2300.o,1950.0,2300.0,73.97725,0.95508,0.00018,84.13
o_b8hcp-caseSC-c1950-r74_93-d2o96_8-v2400.o,1950.0,2400.0,74.93422,0.96147,0.00016,84.55
o_b8hcp-caseSC-c1950-r75_87-d2o96_8-v2500.o,1950.0,2500.0,75.86735,0.96791,0.00015,84.93
o_b8hcp-caseSC-c1950-r76_78-d2o96_8-v2600.o,1950.0,2600.0,76.77807,0.97357,0.00014,85.29
o_b8hcp-caseSC-c1950-r77_67-d2o96_8-v2700.o,1950.0,2700.0,77.66768,0.97845,0.00016,85.63
o_b8hcp-caseSC-c1950-r78_54-d2o96_8-v2800.o,1950.0,2800.0,78.53737,0.98318,0.00017,85.92
o_b8hcp-caseSC-c1950-r79_39-d2o96_8-v2900.o,1950.0,2900.0,79.38822,0.98718,0.00017,86.21
o_b8hcp-caseSC-c1950-r80_22-d2o96_8-v3000.o,1950.0,3000.0,80.2212,0.99101,0.00014,86.47
o_b8hcp-caseSC-c1950-r81_04-d2o96_8-v3100.o,1950.0,3100.0,81.03724,0.99489,0.00014,86.73
o_b8hcp-caseSC-c1950-r81_84-d2o96_8-v3200.o,1950.0,3200.0,81.83717,0.99786,0.00015,86.94
o_b8hcp-caseSC-c1950-r82_62-d2o96_8-v3300.o,1950.0,3300.0,82.62175,1.00092,0.00015,87.17
o_b8hcp-caseSC-c1950-r83_39-d2o96_8-v3400.o,1950.0,3400.0,83.39171,1.0033,0.00015,87.36
o_b8hcp-caseSC-c1950-r84_15-d2o96_8-v3500.o,1950.0,3500.0,84.14771,1.00581,0.00015,87.54
o_b8hcp-caseSC-c1950-r84_89-d2o96_8-v3600.o,1950.0,3600.0,84.89037,1.00784,0.00015,87.72
o_b8hcp-caseSC-c1950-r85_62-d2o96_8-v3700.o,1950.0,3700.0,85.62025,1.0105,0.00014,87.9
o_b8hcp-caseSC-c1950-r86_34-d2o96_8-v3800.o,1950.0,3800.0,86.3379,1.01219,0.00015,88.05
o_b8hcp-caseSC-c1950-r87_74-d2o96_8-v4000.o,1950.0,4000.0,87.73845,1.01495,0.00017,88.34
o_b8hcp-caseSC-c1950-r88_42-d2o96_8-v4100.o,1950.0,4100.0,88.42227,1.01649,0.00016,88.47
o_b8hcp-caseSC-c1950-r89_10-d2o96_8-v4200.o,1950.0,4200.0,89.09567,1.01738,0.00016,88.6
o_b8hcp-caseSC-c2000-r64_04-d2o96_8-v1400.o,2000.0,1400.0,64.03755,0.85197,0.00016,77.23
o_b8hcp-caseSC-c2000-r66_53-d2o96_8-v1600.o,2000.0,1600.0,66.5269,0.88204,0.00016,79.28
o_b8hcp-caseSC-c2000-r68_84-d2o96_8-v1800.o,2000.0,1800.0,68.84272,0.90687,0.00016,80.98
o_b8hcp-caseSC-c2000-r71_01-d2o96_8-v2000.o,2000.0,2000.0,71.0124,0.92725,0.00013,82.32
o_b8hcp-caseSC-c2000-r72_05-d2o96_8-v2100.o,2000.0,2100.0,72.04923,0.93612,0.00017,82.89
o_b8hcp-caseSC-c2000-r73_06-d2o96_8-v2200.o,2000.0,2200.0,73.05704,0.94439,0.00016,83.39
o_b8hcp-caseSC-c2000-r74_04-d2o96_8-v2300.o,2000.0,2300.0,74.03779,0.95174,0.00015,83.86
o_b8hcp-caseSC-c2000-r74_99-d2o96_8-v2400.o,2000.0,2400.0,74.99322,0.95894,0.00018,84.32
o_b8hcp-caseSC-c2000-r75_92-d2o96_8-v2500.o,2000.0,2500.0,75.92491,0.96512,0.00016,84.72
o_b8hcp-caseSC-c2000-r76_83-d2o96_8-v2600.o,2000.0,2600.0,76.83427,0.97081,0.00017,85.08
o_b8hcp-caseSC-c2000-r77_72-d2o96_8-v2700.o,2000.0,2700.0,77.72261,0.97618,0.00017,85.41
o_b8hcp-caseSC-c2000-r78_59-d2o96_8-v2800.o,2000.0,2800.0,78.59109,0.98063,0.00015,85.72
o_b8hcp-caseSC-c2000-r79_44-d2o96_8-v2900.o,2000.0,2900.0,79.44079,0.9855,0.00017,86.01
o_b8hcp-caseSC-c2000-r80_27-d2o96_8-v3000.o,2000.0,3000.0,80.27269,0.98945,0.00017,86.28
o_b8hcp-caseSC-c2000-r81_09-d2o96_8-v3100.o,2000.0,3100.0,81.0877,0.99299,0.00015,86.54
o_b8hcp-caseSC-c2000-r81_89-d2o96_8-v3200.o,2000.0,3200.0,81.88664,0.99648,0.00015,86.78
o_b8hcp-caseSC-c2000-r82_67-d2o96_8-v3300.o,2000.0,3300.0,82.6703,0.99958,0.00016,86.98
o_b8hcp-caseSC-c2000-r83_44-d2o96_8-v3400.o,2000.0,3400.0,83.43937,1.00241,0.00018,87.2
o_b8hcp-caseSC-c2000-r84_19-d2o96_8-v3500.o,2000.0,3500.0,84.19452,1.00503,0.00014,87.39
o_b8hcp-caseSC-c2000-r84_94-d2o96_8-v3600.o,2000.0,3600.0,84.93636,1.00743,0.00017,87.57
o_b8hcp-caseSC-c2000-r85_67-d2o96_8-v3700.o,2000.0,3700.0,85.66546,1.00961,0.00016,87.74
o_b8hcp-caseSC-c2000-r86_38-d2o96_8-v3800.o,2000.0,3800.0,86.38236,1.01131,0.00015,87.9
o_b8hcp-caseSC-c2000-r87_78-d2o96_8-v4000.o,2000.0,4000.0,87.7815,1.01446,0.00013,88.19
o_b8hcp-caseSC-c2000-r88_46-d2o96_8-v4100.o,2000.0,4100.0,88.46466,1.01602,0.00016,88.32
o_b8hcp-caseSC-c2000-r89_14-d2o96_8-v4200.o,2000.0,4200.0,89.13742,1.01751,0.00014,88.46
o_b8hcp-caseSC-c2050-r64_12-d2o96_8-v1400.o,2050.0,1400.0,64.1183,0.85007,0.00015,76.97
o_b8hcp-caseSC-c2050-r66_60-d2o96_8-v1600.o,2050.0,1600.0,66.60173,0.88049,0.00016,79.12
o_b8hcp-caseSC-c2050-r68_91-d2o96_8-v1800.o,2050.0,1800.0,68.91261,0.90568,0.00017,80.77
o_b8hcp-caseSC-c2050-r71_08-d2o96_8-v2000.o,2050.0,2000.0,71.0781,0.92612,0.00015,82.13
o_b8hcp-caseSC-c2050-r72_11-d2o96_8-v2100.o,2050.0,2100.0,72.11304,0.93505,0.00016,82.71
o_b8hcp-caseSC-c2050-r73_12-d2o96_8-v2200.o,2050.0,2200.0,73.11911,0.9436,0.00016,83.26
o_b8hcp-caseSC-c2050-r74_10-d2o96_8-v2300.o,2050.0,2300.0,74.09823,0.95107,0.00017,83.73
o_b8hcp-caseSC-c2050-r75_05-d2o96_8-v2400.o,2050.0,2400.0,75.05213,0.95801,0.00015,84.18
o_b8hcp-caseSC-c2050-r75_98-d2o96_8-v2500.o,2050.0,2500.0,75.98238,0.96435,0.00014,84.57
o_b8hcp-caseSC-c2050-r76_89-d2o96_8-v2600.o,2050.0,2600.0,76.8904,0.97014,0.00014,84.96
o_b8hcp-caseSC-c2050-r77_78-d2o96_8-v2700.o,2050.0,2700.0,77.77746,0.97519,0.00016,85.27
o_b8hcp-caseSC-c2050-r78_64-d2o96_8-v2800.o,2050.0,2800.0,78.64474,0.98038,0.00015,85.62
o_b8hcp-caseSC-c2050-r79_49-d2o96_8-v2900.o,2050.0,2900.0,79.4933,0.98513,0.00014,85.91
o_b8hcp-caseSC-c2050-r80_32-d2o96_8-v3000.o,2050.0,3000.0,80.32412,0.98921,0.00015,86.17
o_b8hcp-caseSC-c2050-r81_14-d2o96_8-v3100.o,2050.0,3100.0,81.1381,0.99346,0.00017,86.46
o_b8hcp-caseSC-c2050-r81_94-d2o96_8-v3200.o,2050.0,3200.0,81.93606,0.99636,0.00015,86.68
o_b8hcp-caseSC-c2050-r82_72-d2o96_8-v3300.o,2050.0,3300.0,82.71878,0.99983,0.00015,86.91
o_b8hcp-caseSC-c2050-r83_49-d2o96_8-v3400.o,2050.0,3400.0,83.48696,1.00266,0.00016,87.1
o_b8hcp-caseSC-c2050-r84_24-d2o96_8-v3500.o,2050.0,3500.0,84.24126,1.00534,0.00018,87.31
o_b8hcp-caseSC-c2050-r84_98-d2o96_8-v3600.o,2050.0,3600.0,84.98229,1.00745,0.00015,87.49
o_b8hcp-caseSC-c2050-r85_71-d2o96_8-v3700.o,2050.0,3700.0,85.71062,1.00973,0.00015,87.67
o_b8hcp-caseSC-c2050-r86_43-d2o96_8-v3800.o,2050.0,3800.0,86.42677,1.01189,0.00018,87.85
o_b8hcp-caseSC-c2050-r87_82-d2o96_8-v4000.o,2050.0,4000.0,87.82451,1.01579,0.00013,88.13
o_b8hcp-caseSC-c2050-r88_51-d2o96_8-v4100.o,2050.0,4100.0,88.507,1.01654,0.00014,88.28
o_b8hcp-caseSC-c2050-r89_18-d2o96_8-v4200.o,2050.0,4200.0,89.17913,1.01822,0.00016,88.41
o_b8hcp-caseSC-c2100-r64_20-d2o96_8-v1400.o,2100.0,1400.0,64.19885,0.85087,0.00015,76.94
o_b8hcp-caseSC-c2100-r66_68-d2o96_8-v1600.o,2100.0,1600.0,66.6764,0.88138,0.00016,79.07
o_b8hcp-caseSC-c2100-r68_98-d2o96_8-v1800.o,2100.0,1800.0,68.98236,0.90623,0.00017,80.74
o_b8hcp-caseSC-c2100-r71_14-d2o96_8-v2000.o,2100.0,2000.0,71.14367,0.92714,0.00016,82.12
o_b8hcp-caseSC-c2100-r72_18-d2o96_8-v2100.o,2100.0,2100.0,72.17675,0.93644,0.00014,82.71
o_b8hcp-caseSC-c2100-r73_18-d2o96_8-v2200.o,2100.0,2200.0,73.18108,0.94506,0.00017,83.24
o_b8hcp-caseSC-c2100-r74_16-d2o96_8-v2300.o,2100.0,2300.0,74.15857,0.95223,0.00017,83.71
o_b8hcp-caseSC-c2100-r75_11-d2o96_8-v2400.o,2100.0,2400.0,75.11095,0.95943,0.00017,84.17
o_b8hcp-caseSC-c2100-r76_04-d2o96_8-v2500.o,2100.0,2500.0,76.03977,0.9656,0.00018,84.55
o_b8hcp-caseSC-c2100-r76_95-d2o96_8-v2600.o,2100.0,2600.0,76.94644,0.97109,0.00016,84.93
o_b8hcp-caseSC-c2100-r77_83-d2o96_8-v2700.o,2100.0,2700.0,77.83223,0.97698,0.00015,85.27
o_b8hcp-caseSC-c2100-r78_70-d2o96_8-v2800.o,2100.0,2800.0,78.69831,0.98177,0.00016,85.59
o_b8hcp-caseSC-c2100-r79_55-d2o96_8-v2900.o,2100.0,2900.0,79.54573,0.98643,0.00015,85.89
o_b8hcp-caseSC-c2100-r80_38-d2o96_8-v3000.o,2100.0,3000.0,80.37547,0.99012,0.00016,86.16
o_b8hcp-caseSC-c2100-r81_19-d2o96_8-v3100.o,2100.0,3100.0,81.18843,0.99433,0.00016,86.43
o_b8hcp-caseSC-c2100-r81_99-d2o96_8-v3200.o,2100.0,3200.0,81.98542,0.99752,0.00014,86.67
o_b8hcp-caseSC-c2100-r82_77-d2o96_8-v3300.o,2100.0,3300.0,82.76721,1.00105,0.00014,86.89
o_b8hcp-caseSC-c2100-r83_53-d2o96_8-v3400.o,2100.0,3400.0,83.53451,1.00378,0.00015,87.1
o_b8hcp-caseSC-c2100-r84_29-d2o96_8-v3500.o,2100.0,3500.0,84.28796,1.00663,0.00013,87.29
o_b8hcp-caseSC-c2100-r85_03-d2o96_8-v3600.o,2100.0,3600.0,85.02818,1.00867,0.00017,87.48
o_b8hcp-caseSC-c2100-r85_76-d2o96_8-v3700.o,2100.0,3700.0,85.75573,1.01095,0.00016,87.66
o_b8hcp-caseSC-c2100-r86_47-d2o96_8-v3800.o,2100.0,3800.0,86.47114,1.01335,0.00015,87.82
o_b8hcp-caseSC-c2100-r87_87-d2o96_8-v4000.o,2100.0,4000.0,87.86748,1.01647,0.00014,88.12
o_b8hcp-caseSC-c2100-r88_55-d2o96_8-v4100.o,2100.0,4100.0,88.54931,1.01809,0.00013,88.27
o_b8hcp-caseSC-c2100-r89_22-d2o96_8-v4200.o,2100.0,4200.0,89.2208,1.01938,0.00014,88.39
o_b8hcp-caseSC-c2150-r64_28-d2o96_8-v1400.o,2150.0,1400.0,64.2792,0.83648,0.00015,75.86
o_b8hcp-caseSC-c2150-r66_75-d2o96_8-v1600.o,2150.0,1600.0,66.7509,0.86797,0.00017,78.16
o_b8hcp-caseSC-c2150-r69_05-d2o96_8-v1800.o,2150.0,1800.0,69.05197,0.89386,0.00017,79.92
o_b8hcp-caseSC-c2150-r71_21-d2o96_8-v2000.o,2150.0,2000.0,71.20912,0.91588,0.00014,81.36
o_b8hcp-caseSC-c2150-r72_24-d2o96_8-v2100.o,2150.0,2100.0,72.24034,0.92493,0.00015,81.96
o_b8hcp-caseSC-c2150-r73_24-d2o96_8-v2200.o,2150.0,2200.0,73.24294,0.93402,0.00015,82.52
o_b8hcp-caseSC-c2150-r74_22-d2o96_8-v2300.o,2150.0,2300.0,74.21881,0.94214,0.00017,83.06
o_b8hcp-caseSC-c2150-r75_17-d2o96_8-v2400.o,2150.0,2400.0,75.16968,0.94948,0.00015,83.51
o_b8hcp-caseSC-c2150-r76_10-d2o96_8-v2500.o,2150.0,2500.0,76.09707,0.95626,0.00018,83.95
o_b8hcp-caseSC-c2150-r77_00-d2o96_8-v2600.o,2150.0,2600.0,77.0024,0.96267,0.00016,84.36
o_b8hcp-caseSC-c2150-r77_89-d2o96_8-v2700.o,2150.0,2700.0,77.88693,0.96869,0.00013,84.73
o_b8hcp-caseSC-c2150-r78_75-d2o96_8-v2800.o,2150.0,2800.0,78.75181,0.97402,0.00015,85.04
o_b8hcp-caseSC-c2150-r79_60-d2o96_8-v2900.o,2150.0,2900.0,79.5981,0.97864,0.00015,85.37
o_b8hcp-caseSC-c2150-r80_43-d2o96_8-v3000.o,2150.0,3000.0,80.42677,0.98345,0.00015,85.68
o_b8hcp-caseSC-c2150-r81_24-d2o96_8-v3100.o,2150.0,3100.0,81.2387,0.98742,0.00016,85.94
o_b8hcp-caseSC-c2150-r82_03-d2o96_8-v3200.o,2150.0,3200.0,82.03472,0.99148,0.00018,86.2
o_b8hcp-caseSC-c2150-r82_82-d2o96_8-v3300.o,2150.0,3300.0,82.81559,0.99505,0.00016,86.46
o_b8hcp-caseSC-c2150-r83_58-d2o96_8-v3400.o,2150.0,3400.0,83.582,0.99825,0.00014,86.68
o_b8hcp-caseSC-c2150-r84_33-d2o96_8-v3500.o,2150.0,3500.0,84.33461,1.00135,0.00014,86.88
o_b8hcp-caseSC-c2150-r85_07-d2o96_8-v3600.o,2150.0,3600.0,85.07402,1.00403,0.00014,87.08
o_b8hcp-caseSC-c2150-r85_80-d2o96_8-v3700.o,2150.0,3700.0,85.80079,1.00694,0.00016,87.28
o_b8hcp-caseSC-c2150-r86_52-d2o96_8-v3800.o,2150.0,3800.0,86.51546,1.00906,0.00014,87.45
o_b8hcp-caseSC-c2150-r87_91-d2o96_8-v4000.o,2150.0,4000.0,87.91041,1.01347,0.00014,87.79
o_b8hcp-caseSC-c2150-r88_59-d2o96_8-v4100.o,2150.0,4100.0,88.59158,1.01477,0.00015,87.91
o_b8hcp-caseSC-c2150-r89_26-d2o96_8-v4200.o,2150.0,4200.0,89.26244,1.01672,0.00014,88.06
o_b8hcp-caseSC-c2200-r64_36-d2o96_8-v1400.o,2200.0,1400.0,64.35935,0.8167,0.00017,74.41
o_b8hcp-caseSC-c2200-r66_83-d2o96_8-v1600.o,2200.0,1600.0,66.82523,0.84864,0.00015,76.77
o_b8hcp-caseSC-c2200-r69_12-d2o96_8-v1800.o,2200.0,1800.0,69.12143,0.87584,0.00015,78.69
o_b8hcp-caseSC-c2200-r71_27-d2o96_8-v2000.o,2200.0,2000.0,71.27444,0.8987,0.00015,80.23
o_b8hcp-caseSC-c2200-r72_30-d2o96_8-v2100.o,2200.0,2100.0,72.30382,0.90891,0.00016,80.91
o_b8hcp-caseSC-c2200-r73_30-d2o96_8-v2200.o,2200.0,2200.0,73.30469,0.91819,0.00015,81.52
o_b8hcp-caseSC-c2200-r74_28-d2o96_8-v2300.o,2200.0,2300.0,74.27896,0.92695,0.00015,82.09
o_b8hcp-caseSC-c2200-r75_23-d2o96_8-v2400.o,2200.0,2400.0,75.22831,0.93516,0.00016,82.59
o_b8hcp-caseSC-c2200-r76_15-d2o96_8-v2500.o,2200.0,2500.0,76.15429,0.94232,0.00015,83.06
o_b8hcp-caseSC-c2200-r77_06-d2o96_8-v2600.o,2200.0,2600.0,77.05828,0.94938,0.00016,83.5
o_b8hcp-caseSC-c2200-r77_94-d2o96_8-v2700.o,2200.0,2700.0,77.94155,0.95546,0.00016,83.91
o_b8hcp-caseSC-c2200-r78_81-d2o96_8-v2800.o,2200.0,2800.0,78.80524,0.96195,0.00016,84.3
o_b8hcp-caseSC-c2200-r79_65-d2o96_8-v2900.o,2200.0,2900.0,79.6504,0.9671,0.00016,84.62
o_b8hcp-caseSC-c2200-r80_48-d2o96_8-v3000.o,2200.0,3000.0,80.47799,0.97225,0.00019,84.96
o_b8hcp-caseSC-c2200-r81_29-d2o96_8-v3100.o,2200.0,3100.0,81.28891,0.97707,0.00015,85.23
o_b8hcp-caseSC-c2200-r82_08-d2o96_8-v3200.o,2200.0,3200.0,82.08396,0.98109,0.00013,85.54
o_b8hcp-caseSC-c2200-r82_86-d2o96_8-v3300.o,2200.0,3300.0,82.8639,0.98571,0.00018,85.8
o_b8hcp-caseSC-c2200-r83_63-d2o96_8-v3400.o,2200.0,3400.0,83.62943,0.98903,0.00015,86.04
o_b8hcp-caseSC-c2200-r84_38-d2o96_8-v3500.o,2200.0,3500.0,84.3812,0.99264,0.00013,86.27
o_b8hcp-caseSC-c2200-r85_12-d2o96_8-v3600.o,2200.0,3600.0,85.1198,0.99644,0.00014,86.5
o_b8hcp-caseSC-c2200-r85_85-d2o96_8-v3700.o,2200.0,3700.0,85.84581,0.99877,0.00014,86.7
o_b8hcp-caseSC-c2200-r86_56-d2o96_8-v3800.o,2200.0,3800.0,86.55973,1.0019,0.00013,86.9
o_b8hcp-caseSC-c2200-r87_95-d2o96_8-v4000.o,2200.0,4000.0,87.95329,1.0071,0.00016,87.26
o_b8hcp-caseSC-c2200-r88_63-d2o96_8-v4100.o,2200.0,4100.0,88.63381,1.00917,0.00016,87.42
o_b8hcp-caseSC-c2200-r89_30-d2o96_8-v4200.o,2200.0,4200.0,89.30403,1.01114,0.00014,87.57
o_b8hcp-caseSC-c500-r61_51-d2o96_8-v1400.o,500.0,1400.0,61.51372,0.92757,0.00018,88.21
o_b8hcp-caseSC-c500-r66_68-d2o96_8-v1800.o,500.0,1800.0,66.6764,0.92791,0.00015,89.18
o_b8hcp-caseSC-c500-r68_98-d2o96_8-v2000.o,500.0,2000.0,68.98236,0.92474,0.00016,89.49
o_b8hcp-caseSC-c500-r70_08-d2o96_8-v2100.o,500.0,2100.0,70.07968,0.9224,0.00017,89.62
o_b8hcp-caseSC-c500-r71_14-d2o96_8-v2200.o,500.0,2200.0,71.14367,0.91934,0.00015,89.72
o_b8hcp-caseSC-c500-r72_18-d2o96_8-v2300.o,500.0,2300.0,72.17675,0.9169,0.00016,89.81
o_b8hcp-caseSC-c500-r73_18-d2o96_8-v2400.o,500.0,2400.0,73.18108,0.91417,0.00019,89.89
o_b8hcp-caseSC-c500-r74_16-d2o96_8-v2500.o,500.0,2500.0,74.15857,0.91035,0.00017,89.96
o_b8hcp-caseSC-c500-r75_11-d2o96_8-v2600.o,500.0,2600.0,75.11095,0.90667,0.00016,90.02
o_b8hcp-caseSC-c500-r76_04-d2o96_8-v2700.o,500.0,2700.0,76.03977,0.90353,0.00017,90.08
o_b8hcp-caseSC-c500-r76_95-d2o96_8-v2800.o,500.0,2800.0,76.94644,0.89992,0.00017,90.12
o_b8hcp-caseSC-c500-r77_83-d2o96_8-v2900.o,500.0,2900.0,77.83223,0.89628,0.00016,90.16
o_b8hcp-caseSC-c500-r78_70-d2o96_8-v3000.o,500.0,3000.0,78.69831,0.8924,0.00018,90.19
o_b8hcp-caseSC-c500-r79_55-d2o96_8-v3100.o,500.0,3100.0,79.54573,0.88867,0.00015,90.23
o_b8hcp-caseSC-c500-r80_38-d2o96_8-v3200.o,500.0,3200.0,80.37547,0.88458,0.00015,90.23
o_b8hcp-caseSC-c500-r81_19-d2o96_8-v3300.o,500.0,3300.0,81.18843,0.88102,0.00015,90.26
o_b8hcp-caseSC-c500-r81_99-d2o96_8-v3400.o,500.0,3400.0,81.98542,0.87662,0.00016,90.28
o_b8hcp-caseSC-c500-r82_77-d2o96_8-v3500.o,500.0,3500.0,82.76721,0.87286,0.00016,90.29
o_b8hcp-caseSC-c500-r83_53-d2o96_8-v3600.o,500.0,3600.0,83.53451,0.86858,0.00016,90.3
o_b8hcp-caseSC-c500-r84_29-d2o96_8-v3700.o,500.0,3700.0,84.28796,0.86476,0.00016,90.3
o_b8hcp-caseSC-c500-r85_03-d2o96_8-v3800.o,500.0,3800.0,85.02818,0.86103,0.00015,90.31
o_b8hcp-caseSC-c500-r86_47-d2o96_8-v4000.o,500.0,4000.0,86.47114,0.8529,0.00017,90.31
o_b8hcp-caseSC-c500-r87_17-d2o96_8-v4100.o,500.0,4100.0,87.1749,0.849,0.00014,90.3
o_b8hcp-caseSC-c500-r87_87-d2o96_8-v4200.o,500.0,4200.0,87.86748,0.84512,0.00018,90.29
o_b8hcp-caseSC-c600-r61_69-d2o96_8-v1400.o,600.0,1400.0,61.68848,0.9418,0.00017,88.09
o_b8hcp-caseSC-c600-r66_83-d2o96_8-v1800.o,600.0,1800.0,66.82523,0.94454,0.00015,89.13
o_b8hcp-caseSC-c600-r69_12-d2o96_8-v2000.o,600.0,2000.0,69.12143,0.94217,0.00016,89.47
o_b8hcp-caseSC-c600-r70_21-d2o96_8-v2100.o,600.0,2100.0,70.21444,0.94058,0.00016,89.61
o_b8hcp-caseSC-c600-r71_27-d2o96_8-v2200.o,600.0,2200.0,71.27444,0.93797,0.00017,89.71
o_b8hcp-caseSC-c600-r72_30-d2o96_8-v2300.o,600.0,2300.0,72.30382,0.93595,0.00015,89.81
o_b8hcp-caseSC-c600-r73_30-d2o96_8-v2400.o,600.0,2400.0,73.30469,0.93277,0.00017,89.92
o_b8hcp-caseSC-c600-r74_28-d2o96_8-v2500.o,600.0,2500.0,74.27896,0.93007,0.00014,89.99
o_b8hcp-caseSC-c600-r75_23-d2o96_8-v2600.o,600.0,2600.0,75.22831,0.92688,0.00016,90.06
o_b8hcp-caseSC-c600-r76_15-d2o96_8-v2700.o,600.0,2700.0,76.15429,0.92417,0.00017,90.14
o_b8hcp-caseSC-c600-r77_06-d2o96_8-v2800.o,600.0,2800.0,77.05828,0.9207,0.00014,90.18
o_b8hcp-caseSC-c600-r77_94-d2o96_8-v2900.o,600.0,2900.0,77.94155,0.91684,0.00015,90.23
o_b8hcp-caseSC-c600-r78_81-d2o96_8-v3000.o,600.0,3000.0,78.80524,0.91343,0.00016,90.27
o_b8hcp-caseSC-c600-r79_65-d2o96_8-v3100.o,600.0,3100.0,79.6504,0.90993,0.00015,90.31
o_b8hcp-caseSC-c600-r80_48-d2o96_8-v3200.o,600.0,3200.0,80.47799,0.90649,0.00016,90.34
o_b8hcp-caseSC-c600-r81_29-d2o96_8-v3300.o,600.0,3300.0,81.28891,0.90268,0.00014,90.36
o_b8hcp-caseSC-c600-r82_08-d2o96_8-v3400.o,600.0,3400.0,82.08396,0.89903,0.00015,90.38
o_b8hcp-caseSC-c600-r82_86-d2o96_8-v3500.o,600.0,3500.0,82.8639,0.89515,0.00015,90.41
o_b8hcp-caseSC-c600-r83_63-d2o96_8-v3600.o,600.0,3600.0,83.62943,0.89137,0.00016,90.41
o_b8hcp-caseSC-c600-r84_38-d2o96_8-v3700.o,600.0,3700.0,84.3812,0.88769,0.00015,90.42
o_b8hcp-caseSC-c600-r85_12-d2o96_8-v3800.o,600.0,3800.0,85.1198,0.88398,0.00015,90.44
o_b8hcp-caseSC-c600-r86_56-d2o96_8-v4000.o,600.0,4000.0,86.55973,0.87606,0.00016,90.45
o_b8hcp-caseSC-c600-r87_26-d2o96_8-v4100.o,600.0,4100.0,87.26208,0.87235,0.00015,90.44
o_b8hcp-caseSC-c600-r87_95-d2o96_8-v4200.o,600.0,4200.0,87.95329,0.86797,0.00016,90.45
o_b8hcp-caseSC-c700-r61_86-d2o96_8-v1400.o,700.0,1400.0,61.86225,0.95047,0.00018,87.8
o_b8hcp-caseSC-c700-r66_97-d2o96_8-v1800.o,700.0,1800.0,66.9734,0.95686,0.00015,88.97
o_b8hcp-caseSC-c700-r69_26-d2o96_8-v2000.o,700.0,2000.0,69.25996,0.95561,0.00015,89.34
o_b8hcp-caseSC-c700-r70_35-d2o96_8-v2100.o,700.0,2100.0,70.3487,0.9541,0.00017,89.5
o_b8hcp-caseSC-c700-r71_40-d2o96_8-v2200.o,700.0,2200.0,71.40475,0.95272,0.00015,89.63
o_b8hcp-caseSC-c700-r72_43-d2o96_8-v2300.o,700.0,2300.0,72.43045,0.95052,0.00015,89.73
o_b8hcp-caseSC-c700-r73_43-d2o96_8-v2400.o,700.0,2400.0,73.42789,0.94903,0.00014,89.86
o_b8hcp-caseSC-c700-r74_40-d2o96_8-v2500.o,700.0,2500.0,74.39895,0.94632,0.00016,89.94
o_b8hcp-caseSC-c700-r75_35-d2o96_8-v2600.o,700.0,2600.0,75.34531,0.94342,0.00015,90.03
o_b8hcp-caseSC-c700-r76_27-d2o96_8-v2700.o,700.0,2700.0,76.26846,0.9408,0.00017,90.1
o_b8hcp-caseSC-c700-r77_17-d2o96_8-v2800.o,700.0,2800.0,77.1698,0.93795,0.00015,90.17
o_b8hcp-caseSC-c700-r78_05-d2o96_8-v2900.o,700.0,2900.0,78.05056,0.93459,0.00016,90.21
o_b8hcp-caseSC-c700-r78_91-d2o96_8-v3000.o,700.0,3000.0,78.91188,0.93146,0.00015,90.27
o_b8hcp-caseSC-c700-r79_75-d2o96_8-v3100.o,700.0,3100.0,79.75479,0.92844,0.00015,90.31
o_b8hcp-caseSC-c700-r80_58-d2o96_8-v3200.o,700.0,3200.0,80.58025,0.92472,0.00016,90.35
o_b8hcp-caseSC-c700-r81_39-d2o96_8-v3300.o,700.0,3300.0,81.38914,0.92196,0.00015,90.4
o_b8hcp-caseSC-c700-r82_18-d2o96_8-v3400.o,700.0,3400.0,82.18227,0.91818,0.00015,90.41
o_b8hcp-caseSC-c700-r82_96-d2o96_8-v3500.o,700.0,3500.0,82.96037,0.9145,0.00014,90.45
o_b8hcp-caseSC-c700-r83_72-d2o96_8-v3600.o,700.0,3600.0,83.72414,0.91113,0.00014,90.47
o_b8hcp-caseSC-c700-r84_47-d2o96_8-v3700.o,700.0,3700.0,84.47423,0.9075,0.00017,90.49
o_b8hcp-caseSC-c700-r85_21-d2o96_8-v3800.o,700.0,3800.0,85.21123,0.90384,0.00018,90.51
o_b8hcp-caseSC-c700-r86_65-d2o96_8-v4000.o,700.0,4000.0,86.64815,0.89669,0.00015,90.53
o_b8hcp-caseSC-c700-r87_35-d2o96_8-v4100.o,700.0,4100.0,87.34908,0.89283,0.00016,90.54
o_b8hcp-caseSC-c700-r88_04-d2o96_8-v4200.o,700.0,4200.0,88.03893,0.8898,0.00017,90.53
o_b8hcp-caseSC-c800-r62_04-d2o96_8-v1400.o,800.0,1400.0,62.03505,0.94567,0.00015,86.55
o_b8hcp-caseSC-c800-r67_12-d2o96_8-v1800.o,800.0,1800.0,67.12092,0.96285,0.00016,88.09
o_b8hcp-caseSC-c800-r69_40-d2o96_8-v2000.o,800.0,2000.0,69.39792,0.96623,0.00016,88.59
o_b8hcp-caseSC-c800-r70_48-d2o96_8-v2100.o,800.0,2100.0,70.48244,0.96733,0.00016,88.83
o_b8hcp-caseSC-c800-r71_53-d2o96_8-v2200.o,800.0,2200.0,71.53457,0.9676,0.00016,89.01
o_b8hcp-caseSC-c800-r72_56-d2o96_8-v2300.o,800.0,2300.0,72.55663,0.96738,0.00015,89.19
o_b8hcp-caseSC-c800-r73_55-d2o96_8-v2400.o,800.0,2400.0,73.55068,0.96743,0.00017,89.32
o_b8hcp-caseSC-c800-r74_52-d2o96_8-v2500.o,800.0,2500.0,74.51857,0.96709,0.00015,89.46
o_b8hcp-caseSC-c800-r75_46-d2o96_8-v2600.o,800.0,2600.0,75.46194,0.96611,0.00017,89.57
o_b8hcp-caseSC-c800-r76_38-d2o96_8-v2700.o,800.0,2700.0,76.3823,0.96478,0.00014,89.71
o_b8hcp-caseSC-c800-r77_28-d2o96_8-v2800.o,800.0,2800.0,77.281,0.96356,0.00016,89.8
o_b8hcp-caseSC-c800-r78_16-d2o96_8-v2900.o,800.0,2900.0,78.15926,0.96153,0.00015,89.9
o_b8hcp-caseSC-c800-r79_02-d2o96_8-v3000.o,800.0,3000.0,79.01823,0.96007,0.00014,89.97
o_b8hcp-caseSC-c800-r79_86-d2o96_8-v3100.o,800.0,3100.0,79.85891,0.95787,0.00017,90.05
o_b8hcp-caseSC-c800-r80_68-d2o96_8-v3200.o,800.0,3200.0,80.68225,0.95593,0.00015,90.12
o_b8hcp-caseSC-c800-r81_49-d2o96_8-v3300.o,800.0,3300.0,81.48913,0.95416,0.00015,90.18
o_b8hcp-caseSC-c800-r82_28-d2o96_8-v3400.o,800.0,3400.0,82.28034,0.95166,0.00015,90.24
o_b8hcp-caseSC-c800-r83_06-d2o96_8-v3500.o,800.0,3500.0,83.05661,0.94942,0.00015,90.3
o_b8hcp-caseSC-c800-r83_82-d2o96_8-v3600.o,800.0,3600.0,83.81864,0.94711,0.00016,90.34
o_b8hcp-caseSC-c800-r84_57-d2o96_8-v3700.o,800.0,3700.0,84.56706,0.94434,0.00019,90.38
o_b8hcp-caseSC-c800-r85_30-d2o96_8-v3800.o,800.0,3800.0,85.30246,0.94175,0.00013,90.41
o_b8hcp-caseSC-c800-r86_74-d2o96_8-v4000.o,800.0,4000.0,86.73639,0.93679,0.00017,90.48
o_b8hcp-caseSC-c800-r87_44-d2o96_8-v4100.o,800.0,4100.0,87.4359,0.93398,0.00017,90.5
o_b8hcp-caseSC-c800-r88_12-d2o96_8-v4200.o,800.0,4200.0,88.1244,0.93126,0.00014,90.53
o_b8hcp-caseSC-c900-r62_21-d2o96_8-v1400.o,900.0,1400.0,62.20689,0.93936,0.00016,85.59
o_b8hcp-caseSC-c900-r67_27-d2o96_8-v1800.o,900.0,1800.0,67.26779,0.96336,0.00015,87.39
o_b8hcp-caseSC-c900-r69_54-d2o96_8-v2000.o,900.0,2000.0,69.53535,0.96973,0.00018,87.99
o_b8hcp-caseSC-c900-r70_62-d2o96_8-v2100.o,900.0,2100.0,70.61568,0.97226,0.00016,88.24
o_b8hcp-caseSC-c900-r71_66-d2o96_8-v2200.o,900.0,2200.0,71.66393,0.97364,0.00017,88.48
o_b8hcp-caseSC-c900-r72_68-d2o96_8-v2300.o,900.0,2300.0,72.68238,0.97524,0.00016,88.68
o_b8hcp-caseSC-c900-r73_67-d2o96_8-v2400.o,900.0,2400.0,73.67306,0.97605,0.00016,88.88
o_b8hcp-caseSC-c900-r74_64-d2o96_8-v2500.o,900.0,2500.0,74.6378,0.97667,0.00014,89.04
o_b8hcp-caseSC-c900-r75_58-d2o96_8-v2600.o,900.0,2600.0,75.57821,0.97679,0.00015,89.2
o_b8hcp-caseSC-c900-r76_50-d2o96_8-v2700.o,900.0,2700.0,76.49579,0.9763,0.00015,89.34
o_b8hcp-caseSC-c900-r77_39-d2o96_8-v2800.o,900.0,2800.0,77.39187,0.97609,0.00014,89.45
o_b8hcp-caseSC-c900-r78_27-d2o96_8-v2900.o,900.0,2900.0,78.26767,0.97535,0.00015,89.56
o_b8hcp-caseSC-c900-r79_12-d2o96_8-v3000.o,900.0,3000.0,79.12429,0.97451,0.00016,89.68
o_b8hcp-caseSC-c900-r79_96-d2o96_8-v3100.o,900.0,3100.0,79.96276,0.97371,0.00016,89.79
o_b8hcp-caseSC-c900-r80_78-d2o96_8-v3200.o,900.0,3200.0,80.784,0.97204,0.00017,89.87
o_b8hcp-caseSC-c900-r81_59-d2o96_8-v3300.o,900.0,3300.0,81.58887,0.97083,0.00015,89.94
o_b8hcp-caseSC-c900-r82_38-d2o96_8-v3400.o,900.0,3400.0,82.37817,0.96959,0.00014,90.02
o_b8hcp-caseSC-c900-r83_15-d2o96_8-v3500.o,900.0,3500.0,83.15263,0.96785,0.00016,90.08
o_b8hcp-caseSC-c900-r83_91-d2o96_8-v3600.o,900.0,3600.0,83.91293,0.96618,0.00014,90.17
o_b8hcp-caseSC-c900-r84_66-d2o96_8-v3700.o,900.0,3700.0,84.65969,0.96452,0.00016,90.21
o_b8hcp-caseSC-c900-r85_39-d2o96_8-v3800.o,900.0,3800.0,85.3935,0.96259,0.00013,90.28
o_b8hcp-caseSC-c900-r86_82-d2o96_8-v4000.o,900.0,4000.0,86.82444,0.95834,0.00016,90.36
o_b8hcp-caseSC-c900-r87_52-d2o96_8-v4100.o,900.0,4100.0,87.52256,0.95641,0.00013,90.39
o_b8hcp-caseSC-c900-r88_21-d2o96_8-v4200.o,900.0,4200.0,88.20971,0.95433,0.00016,90.44
